[
  {
    "name": "dungeon",
    "description": "Nachádzaš sa v tmavej zatuchnutej miestnosti. Na kamenných stenách sa nenachádza žiadne okno, čo dáva tušiť, že si niekoľko metrov pod zemou. Žeby košický hrad? Aj to je možné, ti prebleslo hlavou.",
    "items": [
      {
        "name": "dvere",
        "description": "Veľké masívne dubové dvere. Len tak niečo a niekto s nimi nepohne, keď sú zamknuté. A to teda sú.",
        "features": [],
        "state": "normal"
      }
    ],
    "exits": {
      "west": null,
      "south": null,
      "north": null,
      "east": null
    }
  },
  {
    "name": "garden",
    "description": "Značne neudržiavaný priestor, ktorý sa určite pred pár rokmi volal záhradka.",
    "items": [],
    "exits": {
      "west": "dungeon",
      "south": "hell",
      "north": "heaven",
      "east": null
    }
  },
  {
    "name": "hell",
    "description": "Ešte ponurejšie miesto, ako to, kde si začínal. Počuť tu len plač a škrípanie zubov. Osvetlené miesto, za ktorým stojí a číta... On... Politik, ktorého meno sa nevyslovuje! Číta svoje statusy... Nieeee... Ja musím byť asi v pekle...",
    "items": [],
    "exits": {}
  },
  {
    "name": "heaven",
    "description": "Zelená tráva, slniečko, všetci sú vysmiati. Koronádov kríž, Golden Idol, Svätý grál... Lepšie jak v múzeu a na univerzite dokopy.",
    "items": [],
    "exits": {}
  }
]